{
  "run_count": 15,
  "last_run_time": 1771717987.9938931,
  "last_benchmark_time": 1771719212.056476,
  "last_doc_research_time": 1771718011.558832,
  "last_security_scan_time": 1771716471.7988071,
  "last_dep_check_time": 1771719820.792816,
  "last_arch_review_time": 1771715402.6271935,
  "last_grand_plan_time": 1771695991.3221216,
  "last_repo_commit_time": 1771719865.2375472,
  "convergence_scores": [
    268.5,
    0.0,
    0.0,
    55.5,
    0.0,
    0.0,
    44.0,
    58.0,
    0.0,
    0.0,
    0.0,
    0.0,
    168.0,
    0.0,
    0.0,
    0.0,
    165.5,
    0.0,
    164.0,
    0.0
  ],
  "known_issues": [],
  "grand_plan_post_id": "64bdf7f6-9580-4418-897b-079ccbab0c42",
  "queued_task": "",
  "fix_points_detected": 0,
  "doc_research_index": 11,
  "arch_review_count": 7,
  "benchmark_count": 0
}